year,state,county_name,Biden,Trump,mode
2020,ARKANSAS,ASHLEY,462,1232,ELECTION DAY
2020,ARKANSAS,BAXTER,449,2540,ELECTION DAY
2020,ARKANSAS,BENTON,4565,11599,ELECTION DAY
2020,ARKANSAS,BOONE,489,3700,ELECTION DAY
2020,ARKANSAS,BRADLEY,290,772,ELECTION DAY
2020,ARKANSAS,CALHOUN,128,582,ELECTION DAY
2020,ARKANSAS,CARROLL,420,1892,ELECTION DAY
2020,ARKANSAS,CHICOT,824,362,ELECTION DAY
2020,ARKANSAS,CLARK,485,1249,ELECTION DAY
2020,ARKANSAS,CLAY,684,2981,ELECTION DAY
2020,ARKANSAS,CLEBURNE,432,3581,ELECTION DAY
2020,ARKANSAS,CLEVELAND,184,1168,ELECTION DAY
2020,ARKANSAS,COLUMBIA,418,756,ELECTION DAY
2020,ARKANSAS,CONWAY,514,2054,ELECTION DAY
2020,ARKANSAS,CRAIGHEAD,2450,7036,ELECTION DAY
2020,ARKANSAS,CRAWFORD,806,4268,ELECTION DAY
2020,ARKANSAS,CRITTENDEN,1595,1072,ELECTION DAY
2020,ARKANSAS,CROSS,331,976,ELECTION DAY
2020,ARKANSAS,DALLAS,249,645,ELECTION DAY
2020,ARKANSAS,DESHA,494,414,ELECTION DAY
2020,ARKANSAS,DREW,459,950,ELECTION DAY
2020,ARKANSAS,FAULKNER,1989,5072,ELECTION DAY
2020,ARKANSAS,FRANKLIN,227,1355,ELECTION DAY
2020,ARKANSAS,FULTON,208,1294,ELECTION DAY
2020,ARKANSAS,GARLAND,1287,4080,ELECTION DAY
2020,ARKANSAS,GRANT,253,1869,ELECTION DAY
2020,ARKANSAS,GREENE,428,2298,ELECTION DAY
2020,ARKANSAS,HEMPSTEAD,454,1632,ELECTION DAY
2020,ARKANSAS,HOT SPRING,372,1589,ELECTION DAY
2020,ARKANSAS,HOWARD,179,799,ELECTION DAY
2020,ARKANSAS,INDEPENDENCE,489,2862,ELECTION DAY
2020,ARKANSAS,IZARD,205,1404,ELECTION DAY
2020,ARKANSAS,JACKSON,277,1228,ELECTION DAY
2020,ARKANSAS,JEFFERSON,3957,4527,ELECTION DAY
2020,ARKANSAS,JOHNSON,503,2348,ELECTION DAY
2020,ARKANSAS,LAFAYETTE,180,379,ELECTION DAY
2020,ARKANSAS,LAWRENCE,257,1537,ELECTION DAY
2020,ARKANSAS,LEE,309,412,ELECTION DAY
2020,ARKANSAS,LINCOLN,443,1097,ELECTION DAY
2020,ARKANSAS,LITTLE RIVER,190,800,ELECTION DAY
2020,ARKANSAS,LOGAN,344,1986,ELECTION DAY
2020,ARKANSAS,LONOKE,807,3151,ELECTION DAY
2020,ARKANSAS,MADISON,373,2446,ELECTION DAY
2020,ARKANSAS,MARION,269,1730,ELECTION DAY
2020,ARKANSAS,MILLER,755,2792,ELECTION DAY
2020,ARKANSAS,MISSISSIPPI,824,2008,ELECTION DAY
2020,ARKANSAS,MONROE,414,536,ELECTION DAY
2020,ARKANSAS,MONTGOMERY,122,938,ELECTION DAY
2020,ARKANSAS,NEVADA,301,858,ELECTION DAY
2020,ARKANSAS,NEWTON,213,1608,ELECTION DAY
2020,ARKANSAS,OUACHITA,478,990,ELECTION DAY
2020,ARKANSAS,PERRY,222,1047,ELECTION DAY
2020,ARKANSAS,PHILLIPS,783,1085,ELECTION DAY
2020,ARKANSAS,PIKE,113,861,ELECTION DAY
2020,ARKANSAS,POINSETT,538,2568,ELECTION DAY
2020,ARKANSAS,POLK,180,1902,ELECTION DAY
2020,ARKANSAS,POPE,715,2870,ELECTION DAY
2020,ARKANSAS,PRAIRIE,204,1192,ELECTION DAY
2020,ARKANSAS,PULASKI,16357,16917,ELECTION DAY
2020,ARKANSAS,RANDOLPH,213,1411,ELECTION DAY
2020,ARKANSAS,ST. FRANCIS,850,1135,ELECTION DAY
2020,ARKANSAS,SALINE,1862,6926,ELECTION DAY
2020,ARKANSAS,SCOTT,119,1240,ELECTION DAY
2020,ARKANSAS,SEARCY,127,990,ELECTION DAY
2020,ARKANSAS,SEBASTIAN,2279,6789,ELECTION DAY
2020,ARKANSAS,SEVIER,295,1343,ELECTION DAY
2020,ARKANSAS,SHARP,216,1414,ELECTION DAY
2020,ARKANSAS,STONE,242,1531,ELECTION DAY
2020,ARKANSAS,UNION,1670,4505,ELECTION DAY
2020,ARKANSAS,VAN BUREN,213,1297,ELECTION DAY
2020,ARKANSAS,WASHINGTON,6592,12090,ELECTION DAY
2020,ARKANSAS,WHITE,1319,7196,ELECTION DAY
2020,ARKANSAS,WOODRUFF,314,726,ELECTION DAY
2020,ARKANSAS,YELL,271,1518,ELECTION DAY
2020,LOUISIANA,ACADIA,5443,22596,TOTAL
2020,LOUISIANA,ALLEN,2108,7574,TOTAL
2020,LOUISIANA,ASCENSION,20399,40687,TOTAL
2020,LOUISIANA,ASSUMPTION,3833,7271,TOTAL
2020,LOUISIANA,AVOYELLES,4979,12028,TOTAL
2020,LOUISIANA,BEAUREGARD,2542,13575,TOTAL
2020,LOUISIANA,BIENVILLE,3067,3891,TOTAL
2020,LOUISIANA,BOSSIER,15662,38074,TOTAL
2020,LOUISIANA,CADDO,55110,48021,TOTAL
2020,LOUISIANA,CALCASIEU,25982,55066,TOTAL
2020,LOUISIANA,CALDWELL,745,3976,TOTAL
2020,LOUISIANA,CAMERON,324,3671,TOTAL
2020,LOUISIANA,CATAHOULA,1269,3541,TOTAL
2020,LOUISIANA,CLAIBORNE,2731,3770,TOTAL
2020,LOUISIANA,CONCORDIA,3177,5550,TOTAL
2020,LOUISIANA,DE SOTO,5457,9112,TOTAL
2020,LOUISIANA,EAST BATON ROUGE,115577,88420,TOTAL
2020,LOUISIANA,EAST CARROLL,1900,1080,TOTAL
2020,LOUISIANA,EAST FELICIANA,4280,6064,TOTAL
2020,LOUISIANA,EVANGELINE,4158,11053,TOTAL
2020,LOUISIANA,FRANKLIN,2658,6970,TOTAL
2020,LOUISIANA,GRANT,1157,8117,TOTAL
2020,LOUISIANA,IBERIA,11027,21251,TOTAL
2020,LOUISIANA,IBERVILLE,8514,7893,TOTAL
2020,LOUISIANA,JACKSON,2143,5394,TOTAL
2020,LOUISIANA,JEFFERSON,84477,105949,TOTAL
2020,LOUISIANA,JEFFERSON DAVIS,3208,11423,TOTAL
2020,LOUISIANA,LAFAYETTE,39685,72519,TOTAL
2020,LOUISIANA,LAFOURCHE,8672,36024,TOTAL
2020,LOUISIANA,LA SALLE,638,6378,TOTAL
2020,LOUISIANA,LINCOLN,7559,11311,TOTAL
2020,LOUISIANA,LIVINGSTON,9249,54877,TOTAL
2020,LOUISIANA,MADISON,2654,1930,TOTAL
2020,LOUISIANA,MOREHOUSE,4946,6510,TOTAL
2020,LOUISIANA,NATCHITOCHES,6896,9358,TOTAL
2020,LOUISIANA,ORLEANS,147854,26664,TOTAL
2020,LOUISIANA,OUACHITA,25913,42255,TOTAL
2020,LOUISIANA,PLAQUEMINES,3414,7412,TOTAL
2020,LOUISIANA,POINTE COUPEE,4683,7503,TOTAL
2020,LOUISIANA,RAPIDES,19475,38347,TOTAL
2020,LOUISIANA,RED RIVER,1644,2413,TOTAL
2020,LOUISIANA,RICHLAND,3225,6607,TOTAL
2020,LOUISIANA,SABINE,1731,8776,TOTAL
2020,LOUISIANA,ST. BERNARD,6151,11179,TOTAL
2020,LOUISIANA,ST. CHARLES,9800,18233,TOTAL
2020,LOUISIANA,ST. HELENA,3346,2714,TOTAL
2020,LOUISIANA,ST. JAMES,6510,5954,TOTAL
2020,LOUISIANA,ST. JOHN THE BAPTIST,13582,7538,TOTAL
2020,LOUISIANA,ST. LANDRY,17372,23171,TOTAL
2020,LOUISIANA,ST. MARTIN,8439,18203,TOTAL
2020,LOUISIANA,ST. MARY,8055,14811,TOTAL
2020,LOUISIANA,ST. TAMMANY,37746,99666,TOTAL
2020,LOUISIANA,TANGIPAHOA,18887,37806,TOTAL
2020,LOUISIANA,TENSAS,1329,1197,TOTAL
2020,LOUISIANA,TERREBONNE,11198,34339,TOTAL
2020,LOUISIANA,UNION,2654,8407,TOTAL
2020,LOUISIANA,VERMILION,5009,21930,TOTAL
2020,LOUISIANA,VERNON,2898,14107,TOTAL
2020,LOUISIANA,WASHINGTON,5970,13307,TOTAL
2020,LOUISIANA,WEBSTER,6172,11830,TOTAL
2020,LOUISIANA,WEST BATON ROUGE,6200,7684,TOTAL
2020,LOUISIANA,WEST CARROLL,710,4317,TOTAL
2020,LOUISIANA,WEST FELICIANA,2298,3863,TOTAL
2020,LOUISIANA,WINN,1543,4619,TOTAL
2020,NEW MEXICO,BERNALILLO,193757,116135,TOTAL
2020,NEW MEXICO,CATRON,595,1698,TOTAL
2020,NEW MEXICO,CHAVES,6381,15656,TOTAL
2020,NEW MEXICO,CIBOLA,4745,3975,TOTAL
2020,NEW MEXICO,COLFAX,2611,3271,TOTAL
2020,NEW MEXICO,CURRY,4307,10444,TOTAL
2020,NEW MEXICO,DE BACA,231,656,TOTAL
2020,NEW MEXICO,DONA ANA,47957,32802,TOTAL
2020,NEW MEXICO,EDDY,5424,17454,TOTAL
2020,NEW MEXICO,GRANT,7590,6553,TOTAL
2020,NEW MEXICO,GUADALUPE,1234,917,TOTAL
2020,NEW MEXICO,HARDING,179,319,TOTAL
2020,NEW MEXICO,HIDALGO,823,1120,TOTAL
2020,NEW MEXICO,LEA,4061,16531,TOTAL
2020,NEW MEXICO,LINCOLN,3194,6942,TOTAL
2020,NEW MEXICO,LOS ALAMOS,7554,4278,TOTAL
2020,NEW MEXICO,LUNA,3563,4408,TOTAL
2020,NEW MEXICO,MCKINLEY,18029,7801,TOTAL
2020,NEW MEXICO,MORA,1745,903,TOTAL
2020,NEW MEXICO,OTERO,8485,14521,TOTAL
2020,NEW MEXICO,QUAY,1170,2634,TOTAL
2020,NEW MEXICO,RIO ARRIBA,10990,5408,TOTAL
2020,NEW MEXICO,ROOSEVELT,1802,4634,TOTAL
2020,NEW MEXICO,SANDOVAL,40588,34174,TOTAL
2020,NEW MEXICO,SAN JUAN,18083,32874,TOTAL
2020,NEW MEXICO,SAN MIGUEL,7888,3421,TOTAL
2020,NEW MEXICO,SANTA FE,62530,18329,TOTAL
2020,NEW MEXICO,SIERRA,2265,3542,TOTAL
2020,NEW MEXICO,SOCORRO,3722,3255,TOTAL
2020,NEW MEXICO,TAOS,13121,3715,TOTAL
2020,NEW MEXICO,TORRANCE,2344,4772,TOTAL
2020,NEW MEXICO,UNION,383,1388,TOTAL
2020,NEW MEXICO,VALENCIA,14263,17364,TOTAL
2020,TEXAS,ANDERSON,3955,15110,TOTAL
2020,TEXAS,ANDREWS,850,4943,TOTAL
2020,TEXAS,ANGELINA,9143,25076,TOTAL
2020,TEXAS,ARANSAS,2916,9239,TOTAL
2020,TEXAS,ARCHER,446,4300,TOTAL
2020,TEXAS,ARMSTRONG,75,1035,TOTAL
2020,TEXAS,ATASCOSA,5876,12039,TOTAL
2020,TEXAS,AUSTIN,2951,11447,TOTAL
2020,TEXAS,BAILEY,409,1434,TOTAL
2020,TEXAS,BANDERA,2505,10057,TOTAL
2020,TEXAS,BASTROP,15474,20516,TOTAL
2020,TEXAS,BAYLOR,183,1494,TOTAL
2020,TEXAS,BEE,3288,6006,TOTAL
2020,TEXAS,BELL,57014,67893,TOTAL
2020,TEXAS,BEXAR,448452,308618,TOTAL
2020,TEXAS,BLANCO,1911,5443,TOTAL
2020,TEXAS,BORDEN,16,397,TOTAL
2020,TEXAS,BOSQUE,1561,7469,TOTAL
2020,TEXAS,BOWIE,10747,27116,TOTAL
2020,TEXAS,BRAZORIA,62228,90433,TOTAL
2020,TEXAS,BRAZOS,35349,47530,TOTAL
2020,TEXAS,BREWSTER,2258,2461,TOTAL
2020,TEXAS,BRISCOE,78,639,TOTAL
2020,TEXAS,BROOKS,1470,998,TOTAL
2020,TEXAS,BROWN,2107,13698,TOTAL
2020,TEXAS,BURLESON,1788,6743,TOTAL
2020,TEXAS,BURNET,5639,18767,TOTAL
2020,TEXAS,CALDWELL,6672,8031,TOTAL
2020,TEXAS,CALHOUN,2148,5641,TOTAL
2020,TEXAS,CALLAHAN,734,6012,TOTAL
2020,TEXAS,CAMERON,64063,49032,TOTAL
2020,TEXAS,CAMP,1394,3626,TOTAL
2020,TEXAS,CARSON,297,2779,TOTAL
2020,TEXAS,CASS,2795,11033,TOTAL
2020,TEXAS,CASTRO,466,1602,TOTAL
2020,TEXAS,CHAMBERS,3997,17353,TOTAL
2020,TEXAS,CHEROKEE,4210,15101,TOTAL
2020,TEXAS,CHILDRESS,310,1943,TOTAL
2020,TEXAS,CLAY,614,5069,TOTAL
2020,TEXAS,COCHRAN,177,809,TOTAL
2020,TEXAS,COKE,178,1586,TOTAL
2020,TEXAS,COLEMAN,451,3641,TOTAL
2020,TEXAS,COLLIN,230945,252318,TOTAL
2020,TEXAS,COLLINGSWORTH,155,1048,TOTAL
2020,TEXAS,COLORADO,2420,7472,TOTAL
2020,TEXAS,COMAL,24826,62740,TOTAL
2020,TEXAS,COMANCHE,853,5177,TOTAL
2020,TEXAS,CONCHO,197,1058,TOTAL
2020,TEXAS,COOKE,3210,15596,TOTAL
2020,TEXAS,CORYELL,7565,15438,TOTAL
2020,TEXAS,COTTLE,113,540,TOTAL
2020,TEXAS,CRANE,241,1247,TOTAL
2020,TEXAS,CROCKETT,344,1220,TOTAL
2020,TEXAS,CROSBY,527,1396,TOTAL
2020,TEXAS,CULBERSON,438,415,TOTAL
2020,TEXAS,DALLAM,197,1389,TOTAL
2020,TEXAS,DALLAS,598576,307076,TOTAL
2020,TEXAS,DAWSON,808,2951,TOTAL
2020,TEXAS,DEAF SMITH,1264,3294,TOTAL
2020,TEXAS,DELTA,403,2162,TOTAL
2020,TEXAS,DENTON,188695,222480,TOTAL
2020,TEXAS,DEWITT,1494,6567,TOTAL
2020,TEXAS,DICKENS,130,853,TOTAL
2020,TEXAS,DIMMIT,2264,1384,TOTAL
2020,TEXAS,DONLEY,198,1438,TOTAL
2020,TEXAS,DUVAL,2575,2443,TOTAL
2020,TEXAS,EASTLAND,983,7237,TOTAL
2020,TEXAS,ECTOR,11367,32697,TOTAL
2020,TEXAS,EDWARDS,168,893,TOTAL
2020,TEXAS,ELLIS,27565,56717,TOTAL
2020,TEXAS,EL PASO,178126,84331,TOTAL
2020,TEXAS,ERATH,2916,13684,TOTAL
2020,TEXAS,FALLS,1899,4177,TOTAL
2020,TEXAS,FANNIN,2655,12171,TOTAL
2020,TEXAS,FAYETTE,2661,10171,TOTAL
2020,TEXAS,FISHER,352,1448,TOTAL
2020,TEXAS,FLOYD,438,1584,TOTAL
2020,TEXAS,FOARD,99,445,TOTAL
2020,TEXAS,FORT BEND,195552,157718,TOTAL
2020,TEXAS,FRANKLIN,804,4161,TOTAL
2020,TEXAS,FREESTONE,1635,6991,TOTAL
2020,TEXAS,FRIO,2422,2823,TOTAL
2020,TEXAS,GAINES,576,5355,TOTAL
2020,TEXAS,GALVESTON,58842,93911,TOTAL
2020,TEXAS,GARZA,231,1413,TOTAL
2020,TEXAS,GILLESPIE,3176,12514,TOTAL
2020,TEXAS,GLASSCOCK,39,611,TOTAL
2020,TEXAS,GOLIAD,877,3085,TOTAL
2020,TEXAS,GONZALES,1948,5627,TOTAL
2020,TEXAS,GRAY,829,6840,TOTAL
2020,TEXAS,GRAYSON,14506,44163,TOTAL
2020,TEXAS,GREGG,14796,32493,TOTAL
2020,TEXAS,GRIMES,2833,9432,TOTAL
2020,TEXAS,GUADALUPE,28805,47553,TOTAL
2020,TEXAS,HALE,2279,7177,TOTAL
2020,TEXAS,HALL,168,995,TOTAL
2020,TEXAS,HAMILTON,641,3616,TOTAL
2020,TEXAS,HANSFORD,166,1849,TOTAL
2020,TEXAS,HARDEMAN,241,1330,TOTAL
2020,TEXAS,HARDIN,3474,23858,TOTAL
2020,TEXAS,HARRIS,918193,700630,TOTAL
2020,TEXAS,HARRISON,7908,21466,TOTAL
2020,TEXAS,HARTLEY,195,1868,TOTAL
2020,TEXAS,HASKELL,353,1840,TOTAL
2020,TEXAS,HAYS,59524,47680,TOTAL
2020,TEXAS,HEMPHILL,206,1486,TOTAL
2020,TEXAS,HENDERSON,7060,28911,TOTAL
2020,TEXAS,HIDALGO,128199,90527,TOTAL
2020,TEXAS,HILL,2860,11926,TOTAL
2020,TEXAS,HOCKLEY,1482,6536,TOTAL
2020,TEXAS,HOOD,5648,26496,TOTAL
2020,TEXAS,HOPKINS,3046,12719,TOTAL
2020,TEXAS,HOUSTON,2314,7060,TOTAL
2020,TEXAS,HOWARD,2069,8054,TOTAL
2020,TEXAS,HUDSPETH,371,779,TOTAL
2020,TEXAS,HUNT,8906,29163,TOTAL
2020,TEXAS,HUTCHINSON,965,7681,TOTAL
2020,TEXAS,IRION,120,759,TOTAL
2020,TEXAS,JACK,331,3418,TOTAL
2020,TEXAS,JACKSON,1033,5231,TOTAL
2020,TEXAS,JASPER,2954,12542,TOTAL
2020,TEXAS,JEFF DAVIS,501,784,TOTAL
2020,TEXAS,JEFFERSON,46073,47570,TOTAL
2020,TEXAS,JIM HOGG,1197,833,TOTAL
2020,TEXAS,JIM WELLS,6119,7453,TOTAL
2020,TEXAS,JOHNSON,16464,54628,TOTAL
2020,TEXAS,JONES,999,5660,TOTAL
2020,TEXAS,KARNES,1234,3968,TOTAL
2020,TEXAS,KAUFMAN,18405,37624,TOTAL
2020,TEXAS,KENDALL,6020,20083,TOTAL
2020,TEXAS,KENEDY,65,127,TOTAL
2020,TEXAS,KENT,47,411,TOTAL
2020,TEXAS,KERR,6524,20879,TOTAL
2020,TEXAS,KIMBLE,284,1987,TOTAL
2020,TEXAS,KING,8,151,TOTAL
2020,TEXAS,KINNEY,446,1144,TOTAL
2020,TEXAS,KLEBERG,5314,5504,TOTAL
2020,TEXAS,KNOX,265,1180,TOTAL
2020,TEXAS,LAMAR,4458,16760,TOTAL
2020,TEXAS,LAMB,840,3521,TOTAL
2020,TEXAS,LAMPASAS,2144,8086,TOTAL
2020,TEXAS,LA SALLE,1052,1335,TOTAL
2020,TEXAS,LAVACA,1333,8804,TOTAL
2020,TEXAS,LEE,1750,6255,TOTAL
2020,TEXAS,LEON,1072,7523,TOTAL
2020,TEXAS,LIBERTY,5785,23302,TOTAL
2020,TEXAS,LIMESTONE,2213,6789,TOTAL
2020,TEXAS,LIPSCOMB,131,1205,TOTAL
2020,TEXAS,LIVE OAK,819,4199,TOTAL
2020,TEXAS,LLANO,2465,10079,TOTAL
2020,TEXAS,LOVING,4,60,TOTAL
2020,TEXAS,LUBBOCK,40017,78861,TOTAL
2020,TEXAS,LYNN,428,1853,TOTAL
2020,TEXAS,MCCULLOCH,490,2904,TOTAL
2020,TEXAS,MCLENNAN,36688,59543,TOTAL
2020,TEXAS,MCMULLEN,53,460,TOTAL
2020,TEXAS,MADISON,1088,4169,TOTAL
2020,TEXAS,MARION,1339,3470,TOTAL
2020,TEXAS,MARTIN,288,1857,TOTAL
2020,TEXAS,MASON,457,1991,TOTAL
2020,TEXAS,MATAGORDA,3733,9845,TOTAL
2020,TEXAS,MAVERICK,8332,6881,TOTAL
2020,TEXAS,MEDINA,6773,15642,TOTAL
2020,TEXAS,MENARD,197,823,TOTAL
2020,TEXAS,MIDLAND,12329,45624,TOTAL
2020,TEXAS,MILAM,2496,7984,TOTAL
2020,TEXAS,MILLS,271,2217,TOTAL
2020,TEXAS,MITCHELL,397,2170,TOTAL
2020,TEXAS,MONTAGUE,1097,8615,TOTAL
2020,TEXAS,MONTGOMERY,74377,193382,TOTAL
2020,TEXAS,MOORE,1062,4359,TOTAL
2020,TEXAS,MORRIS,1669,3872,TOTAL
2020,TEXAS,MOTLEY,46,604,TOTAL
2020,TEXAS,NACOGDOCHES,9000,17378,TOTAL
2020,TEXAS,NAVARRO,5101,13800,TOTAL
2020,TEXAS,NEWTON,1173,4882,TOTAL
2020,TEXAS,NOLAN,1162,4131,TOTAL
2020,TEXAS,NUECES,60925,64617,TOTAL
2020,TEXAS,OCHILTREE,302,2812,TOTAL
2020,TEXAS,OLDHAM,81,917,TOTAL
2020,TEXAS,ORANGE,6357,29186,TOTAL
2020,TEXAS,PALO PINTO,2178,10179,TOTAL
2020,TEXAS,PANOLA,2057,9326,TOTAL
2020,TEXAS,PARKER,13017,62045,TOTAL
2020,TEXAS,PARMER,488,2135,TOTAL
2020,TEXAS,PECOS,1382,3215,TOTAL
2020,TEXAS,POLK,5387,18573,TOTAL
2020,TEXAS,POTTER,9921,22820,TOTAL
2020,TEXAS,PRESIDIO,1463,721,TOTAL
2020,TEXAS,RAINS,842,5155,TOTAL
2020,TEXAS,RANDALL,12802,50796,TOTAL
2020,TEXAS,REAGAN,172,942,TOTAL
2020,TEXAS,REAL,320,1643,TOTAL
2020,TEXAS,RED RIVER,1246,4517,TOTAL
2020,TEXAS,REEVES,1395,2254,TOTAL
2020,TEXAS,REFUGIO,1108,2210,TOTAL
2020,TEXAS,ROBERTS,17,529,TOTAL
2020,TEXAS,ROBERTSON,2374,5646,TOTAL
2020,TEXAS,ROCKWALL,16412,36726,TOTAL
2020,TEXAS,RUNNELS,552,3807,TOTAL
2020,TEXAS,RUSK,4629,16534,TOTAL
2020,TEXAS,SABINE,669,4784,TOTAL
2020,TEXAS,SAN AUGUSTINE,980,3007,TOTAL
2020,TEXAS,SAN JACINTO,2337,10161,TOTAL
2020,TEXAS,SAN PATRICIO,8988,16516,TOTAL
2020,TEXAS,SAN SABA,287,2308,TOTAL
2020,TEXAS,SCHLEICHER,211,940,TOTAL
2020,TEXAS,SCURRY,818,4983,TOTAL
2020,TEXAS,SHACKELFORD,130,1484,TOTAL
2020,TEXAS,SHELBY,2068,7975,TOTAL
2020,TEXAS,SHERMAN,91,886,TOTAL
2020,TEXAS,SMITH,29615,69080,TOTAL
2020,TEXAS,SOMERVELL,768,4105,TOTAL
2020,TEXAS,STARR,9123,8247,TOTAL
2020,TEXAS,STEPHENS,397,3385,TOTAL
2020,TEXAS,STERLING,51,584,TOTAL
2020,TEXAS,STONEWALL,116,615,TOTAL
2020,TEXAS,SUTTON,322,1222,TOTAL
2020,TEXAS,SWISHER,478,1845,TOTAL
2020,TEXAS,TARRANT,411567,409741,TOTAL
2020,TEXAS,TAYLOR,14588,39547,TOTAL
2020,TEXAS,TERRELL,119,334,TOTAL
2020,TEXAS,TERRY,757,2812,TOTAL
2020,TEXAS,THROCKMORTON,82,806,TOTAL
2020,TEXAS,TITUS,2856,7570,TOTAL
2020,TEXAS,TOM GREEN,12239,32313,TOTAL
2020,TEXAS,TRAVIS,435860,161337,TOTAL
2020,TEXAS,TRINITY,1323,5579,TOTAL
2020,TEXAS,TYLER,1403,8194,TOTAL
2020,TEXAS,UPSHUR,2877,15809,TOTAL
2020,TEXAS,UPTON,170,1178,TOTAL
2020,TEXAS,UVALDE,4073,6174,TOTAL
2020,TEXAS,VAL VERDE,6771,8284,TOTAL
2020,TEXAS,VAN ZANDT,3516,22270,TOTAL
2020,TEXAS,VICTORIA,10380,23358,TOTAL
2020,TEXAS,WALKER,7884,15375,TOTAL
2020,TEXAS,WALLER,8191,14260,TOTAL
2020,TEXAS,WARD,764,3241,TOTAL
2020,TEXAS,WASHINGTON,4261,12959,TOTAL
2020,TEXAS,WEBB,41820,25898,TOTAL
2020,TEXAS,WHARTON,4694,11926,TOTAL
2020,TEXAS,WHEELER,168,2159,TOTAL
2020,TEXAS,WICHITA,13161,32069,TOTAL
2020,TEXAS,WILBARGER,956,3524,TOTAL
2020,TEXAS,WILLACY,3108,2441,TOTAL
2020,TEXAS,WILLIAMSON,143795,139729,TOTAL
2020,TEXAS,WILSON,6350,18463,TOTAL
2020,TEXAS,WINKLER,358,1753,TOTAL
2020,TEXAS,WISE,4973,27032,TOTAL
2020,TEXAS,WOOD,3509,19049,TOTAL
2020,TEXAS,YOAKUM,420,2174,TOTAL
2020,TEXAS,YOUNG,1034,7110,TOTAL
2020,TEXAS,ZAPATA,1826,2033,TOTAL
2020,TEXAS,ZAVALA,2864,1490,TOTAL
2020,OKLAHOMA,ADAIR,985,4722,ELECTION DAY
2020,OKLAHOMA,ALFALFA,141,1547,ELECTION DAY
2020,OKLAHOMA,ATOKA,454,3319,ELECTION DAY
2020,OKLAHOMA,BEAVER,113,1545,ELECTION DAY
2020,OKLAHOMA,BECKHAM,645,5012,ELECTION DAY
2020,OKLAHOMA,BLAINE,500,2516,ELECTION DAY
2020,OKLAHOMA,BRYAN,2094,10116,ELECTION DAY
2020,OKLAHOMA,CADDO,2024,6146,ELECTION DAY
2020,OKLAHOMA,CANADIAN,9559,35116,ELECTION DAY
2020,OKLAHOMA,CARTER,2816,12126,ELECTION DAY
2020,OKLAHOMA,CHEROKEE,3697,8912,ELECTION DAY
2020,OKLAHOMA,CHOCTAW,684,3356,ELECTION DAY
2020,OKLAHOMA,CIMARRON,46,596,ELECTION DAY
2020,OKLAHOMA,CLEVELAND,23408,46952,ELECTION DAY
2020,OKLAHOMA,COAL,240,1451,ELECTION DAY
2020,OKLAHOMA,COMANCHE,7990,16389,ELECTION DAY
2020,OKLAHOMA,COTTON,246,1486,ELECTION DAY
2020,OKLAHOMA,CRAIG,774,3776,ELECTION DAY
2020,OKLAHOMA,CREEK,4211,19687,ELECTION DAY
2020,OKLAHOMA,CUSTER,1537,6390,ELECTION DAY
2020,OKLAHOMA,DELAWARE,2058,10792,ELECTION DAY
2020,OKLAHOMA,DEWEY,175,1795,ELECTION DAY
2020,OKLAHOMA,ELLIS,112,1356,ELECTION DAY
2020,OKLAHOMA,GARFIELD,2953,13701,ELECTION DAY
2020,OKLAHOMA,GARVIN,1262,7218,ELECTION DAY
2020,OKLAHOMA,GRADY,2479,14786,ELECTION DAY
2020,OKLAHOMA,GRANT,180,1586,ELECTION DAY
2020,OKLAHOMA,GREER,207,1229,ELECTION DAY
2020,OKLAHOMA,HARMON,115,530,ELECTION DAY
2020,OKLAHOMA,HARPER,91,1074,ELECTION DAY
2020,OKLAHOMA,HASKELL,482,3102,ELECTION DAY
2020,OKLAHOMA,HUGHES,662,3194,ELECTION DAY
2020,OKLAHOMA,JACKSON,1011,4894,ELECTION DAY
2020,OKLAHOMA,JEFFERSON,238,1581,ELECTION DAY
2020,OKLAHOMA,JOHNSTON,489,2705,ELECTION DAY
2020,OKLAHOMA,KAY,2683,10483,ELECTION DAY
2020,OKLAHOMA,KINGFISHER,542,4213,ELECTION DAY
2020,OKLAHOMA,KIOWA,452,2076,ELECTION DAY
2020,OKLAHOMA,LATIMER,467,2801,ELECTION DAY
2020,OKLAHOMA,LE FLORE,2202,12389,ELECTION DAY
2020,OKLAHOMA,LINCOLN,1707,9950,ELECTION DAY
2020,OKLAHOMA,LOGAN,2871,11604,ELECTION DAY
2020,OKLAHOMA,LOVE,458,2487,ELECTION DAY
2020,OKLAHOMA,MCCLAIN,2220,12641,ELECTION DAY
2020,OKLAHOMA,MCCURTAIN,1275,7969,ELECTION DAY
2020,OKLAHOMA,MCINTOSH,1367,4938,ELECTION DAY
2020,OKLAHOMA,MAJOR,167,2308,ELECTION DAY
2020,OKLAHOMA,MARSHALL,714,3724,ELECTION DAY
2020,OKLAHOMA,MAYES,2466,10899,ELECTION DAY
2020,OKLAHOMA,MURRAY,591,2948,ELECTION DAY
2020,OKLAHOMA,MUSKOGEE,4685,12899,ELECTION DAY
2020,OKLAHOMA,NOBLE,632,2867,ELECTION DAY
2020,OKLAHOMA,NOWATA,465,2735,ELECTION DAY
2020,OKLAHOMA,OKFUSKEE,586,2448,ELECTION DAY
2020,OKLAHOMA,OKLAHOMA,76746,109618,ELECTION DAY
2020,OKLAHOMA,OKMULGEE,2827,7797,ELECTION DAY
2020,OKLAHOMA,OSAGE,3229,10528,ELECTION DAY
2020,OKLAHOMA,OTTAWA,1626,6884,ELECTION DAY
2020,OKLAHOMA,PAWNEE,903,4391,ELECTION DAY
2020,OKLAHOMA,PAYNE,5671,14290,ELECTION DAY
2020,OKLAHOMA,PITTSBURG,2573,11825,ELECTION DAY
2020,OKLAHOMA,PONTOTOC,2213,8144,ELECTION DAY
2020,OKLAHOMA,POTTAWATOMIE,3786,15435,ELECTION DAY
2020,OKLAHOMA,PUSHMATAHA,395,3057,ELECTION DAY
2020,OKLAHOMA,ROGER MILLS,118,1268,ELECTION DAY
2020,OKLAHOMA,ROGERS,4993,25062,ELECTION DAY
2020,OKLAHOMA,SEMINOLE,1332,4810,ELECTION DAY
2020,OKLAHOMA,SEQUOYAH,2136,10286,ELECTION DAY
2020,OKLAHOMA,STEPHENS,1873,12082,ELECTION DAY
2020,OKLAHOMA,TEXAS,568,3287,ELECTION DAY
2020,OKLAHOMA,TILLMAN,403,1534,ELECTION DAY
2020,OKLAHOMA,TULSA,63590,123815,ELECTION DAY
2020,OKLAHOMA,WAGONER,4581,19442,ELECTION DAY
2020,OKLAHOMA,WASHINGTON,3126,13631,ELECTION DAY
2020,OKLAHOMA,WASHITA,397,3328,ELECTION DAY
2020,OKLAHOMA,WOODS,233,1878,ELECTION DAY
2020,OKLAHOMA,WOODWARD,489,4449,ELECTION DAY
